{"loss": 4.4151584610574446e-09, "_timestamp": 1694543197.7398322, "_runtime": 4.732002258300781, "_step": 14, "_wandb": {"runtime": 3}}