{"loss": 0.02457350119948387, "_timestamp": 1694417276.179137, "_runtime": 10.282280921936035, "_step": 49, "_wandb": {"runtime": 8}}