{"loss": 0.00017381789803039283, "_timestamp": 1694542740.098991, "_runtime": 7.253053903579712, "_step": 14, "_wandb": {"runtime": 5}}