{"loss": 0.00010287313489243388, "_timestamp": 1694493563.2576354, "_runtime": 11.242111444473267, "_step": 14, "_wandb": {"runtime": 6}}