{"loss": 0.000641925202216953, "_timestamp": 1694588582.9131746, "_runtime": 7.132663726806641, "_step": 14, "_wandb": {"runtime": 5}}