{"loss": 0.03315173089504242, "epoch": 59, "_timestamp": 1694359160.487588, "_runtime": 8.72989797592163, "_step": 59, "_wandb": {"runtime": 7}}