{"loss": 7.46158150377596e-07, "_timestamp": 1694675721.5373776, "_runtime": 33.487823486328125, "_step": 99, "_wandb": {"runtime": 32}}