{"loss": 2.1722000838053646e-06, "_timestamp": 1694422242.6270533, "_runtime": 60.871923208236694, "_step": 249, "_wandb": {"runtime": 59}}