{"loss": 0.010362044908106327, "_timestamp": 1694420428.0839577, "_runtime": 8.896859645843506, "_step": 49, "_wandb": {"runtime": 7}}