{"loss": 0.02127642184495926, "epoch": 299, "_timestamp": 1694359825.955622, "_runtime": 117.07179188728333, "_step": 299, "_wandb": {"runtime": 115}}