{"loss": 0.00012312427861616015, "_timestamp": 1694499945.0633047, "_runtime": 5.4297356605529785, "_step": 14, "_wandb": {"runtime": 4}}