{"loss": 0.000663094047922641, "_timestamp": 1694543945.945646, "_runtime": 6.802654981613159, "_step": 14, "_wandb": {"runtime": 5}}