{"loss": 1.0251325875287876e-05, "_timestamp": 1694492278.2104979, "_runtime": 106.80760884284973, "_step": 499, "_wandb": {"runtime": 105}}