{"weighted_loss": 0.07204803079366684, "_timestamp": 1694593669.2592201, "_runtime": 35.11807203292847, "_step": 499, "_wandb": {"runtime": 33}}