{"loss": 4.445819286047481e-06, "_timestamp": 1694421755.5220222, "_runtime": 18.5121111869812, "_step": 59, "_wandb": {"runtime": 16}}