{"loss": 2.4283303901029285e-07, "_timestamp": 1694674835.3425052, "_runtime": 140.5789511203766, "_step": 599, "_wandb": {"runtime": 139}}