{"loss": 6.931251846253872e-06, "_timestamp": 1694422626.7343812, "_runtime": 8.575026273727417, "_step": 19, "_wandb": {"runtime": 7}}