{"loss": 0.00036885408917441964, "_timestamp": 1694493511.0199764, "_runtime": 109.06715130805969, "_step": 399, "_wandb": {"runtime": 108}}