{"weighted_loss": 0.005633871536701918, "_timestamp": 1694591458.4920652, "_runtime": 29.783189296722412, "_step": 499, "_wandb": {"runtime": 28}}