{"loss": 0.0, "_timestamp": 1694675441.4400876, "_runtime": 148.23614048957825, "_step": 599, "_wandb": {"runtime": 146}}