{"loss": 0.013380492106080055, "_timestamp": 1694592234.8996947, "_runtime": 53.39371156692505, "_step": 149, "_wandb": {"runtime": 52}}