{"loss": 0.12649358808994293, "_timestamp": 1694419102.277378, "_runtime": 9.666399002075195, "_step": 49, "_wandb": {"runtime": 7}}