{"loss": 0.023149846121668816, "epoch": 59, "_timestamp": 1694359632.649506, "_runtime": 8.217215061187744, "_step": 59, "_wandb": {"runtime": 7}}