{"weighted_loss": 0.015548097901046276, "_timestamp": 1694591781.8686173, "_runtime": 11.952210187911987, "_step": 299, "_wandb": {"runtime": 10}}