{"loss": 0.0, "_timestamp": 1694676427.3159242, "_runtime": 84.19559907913208, "_step": 399, "_wandb": {"runtime": 82}}