{"loss": 0.00029290575184859335, "_timestamp": 1694499879.332302, "_runtime": 5.014333009719849, "_step": 14, "_wandb": {"runtime": 3}}