{"loss": 0.0004870063567068428, "_timestamp": 1694499607.7662094, "_runtime": 5.2647764682769775, "_step": 14, "_wandb": {"runtime": 4}}