{"loss": 8.113373041851446e-05, "_timestamp": 1694590053.0712423, "_runtime": 143.53322744369507, "_step": 399, "_wandb": {"runtime": 142}}