{"loss": 0.02830771915614605, "_timestamp": 1694419450.7986815, "_runtime": 9.207902431488037, "_step": 49, "_wandb": {"runtime": 7}}