{"weighted_loss": 0.019931642338633537, "_timestamp": 1694590989.701512, "_runtime": 29.44749116897583, "_step": 499, "_wandb": {"runtime": 28}}