{"loss": 8.69782434165245e-06, "_timestamp": 1694542404.5115855, "_runtime": 6.845946550369263, "_step": 14, "_wandb": {"runtime": 5}}