{"loss": 0.00030150183010846376, "_timestamp": 1694496975.9438965, "_runtime": 84.45249962806702, "_step": 399, "_wandb": {"runtime": 83}}