{"loss": 0.0006224591052159667, "_timestamp": 1694543334.7163625, "_runtime": 6.912316560745239, "_step": 14, "_wandb": {"runtime": 5}}