{"loss": 5.474759632306814e-07, "_timestamp": 1694422013.1406665, "_runtime": 99.4890193939209, "_step": 249, "_wandb": {"runtime": 96}}