{"loss": 4.3045297388744075e-06, "_timestamp": 1694677272.2987044, "_runtime": 29.245651483535767, "_step": 79, "_wandb": {"runtime": 22}}