{"loss": 0.0, "_timestamp": 1694676760.838188, "_runtime": 161.90426588058472, "_step": 699, "_wandb": {"runtime": 160}}