{"weighted_loss": 0.009521542116999626, "_timestamp": 1694591323.4656143, "_runtime": 19.293570280075073, "_step": 499, "_wandb": {"runtime": 16}}