{"loss": 0.005708516109734774, "_timestamp": 1694592855.1020246, "_runtime": 13.116284608840942, "_step": 79, "_wandb": {"runtime": 11}}