{"weighted_loss": 0.0, "_timestamp": 1694587831.9930992, "_runtime": 17.727325201034546, "_step": 299, "_wandb": {"runtime": 16}}