{"loss": 0.0003003548481501639, "_timestamp": 1694497380.2048357, "_runtime": 7.178104639053345, "_step": 14, "_wandb": {"runtime": 6}}