{"loss": 1.898914524645079e-05, "_timestamp": 1694676039.5440683, "_runtime": 40.04732942581177, "_step": 180, "_wandb": {"runtime": 38}}