{"weighted_loss": 0.010852120816707611, "_timestamp": 1694673639.8311498, "_runtime": 19.38561987876892, "_step": 499, "_wandb": {"runtime": 17}}