{"loss": 0.010488995350897312, "_timestamp": 1694417790.2296164, "_runtime": 9.407494306564331, "_step": 49, "_wandb": {"runtime": 7}}