{"loss": 0.00020504712301772088, "_timestamp": 1694543745.2128184, "_runtime": 6.9118874073028564, "_step": 14, "_wandb": {"runtime": 5}}