{"loss": 0.00027106705238111317, "_timestamp": 1694496817.1441128, "_runtime": 87.47150087356567, "_step": 399, "_wandb": {"runtime": 86}}