{"loss": 0.03784562647342682, "_timestamp": 1694592722.6286242, "_runtime": 15.751017093658447, "_step": 99, "_wandb": {"runtime": 13}}