{"loss": 0.01684677228331566, "_timestamp": 1694360992.9777334, "_runtime": 61.02882742881775, "_step": 299, "_wandb": {"runtime": 59}}