{"weighted_loss": 0.0037350812926888466, "_timestamp": 1694593266.0658016, "_runtime": 55.34516263008118, "_step": 499, "_wandb": {"runtime": 53}}