{"loss": 0.0001471490686526522, "_timestamp": 1694502509.5108292, "_runtime": 7.027668237686157, "_step": 14, "_wandb": {"runtime": 4}}