{"loss": 1.3870431757823098e-05, "_timestamp": 1694421099.2713454, "_runtime": 22.23186731338501, "_step": 49, "_wandb": {"runtime": 20}}