{"loss": 2.501012568245642e-05, "_timestamp": 1694499121.4603457, "_runtime": 8.80185866355896, "_step": 14, "_wandb": {"runtime": 5}}