{"loss": 0.0016778314020484686, "_timestamp": 1694360251.7554903, "_runtime": 124.33354425430298, "_step": 299, "_wandb": {"runtime": 123}}