{"loss": 0.0002595408004708588, "_timestamp": 1694543070.6555874, "_runtime": 6.706984519958496, "_step": 14, "_wandb": {"runtime": 5}}