{"loss": 0.00023911238531582057, "_timestamp": 1694499256.7803352, "_runtime": 6.053698301315308, "_step": 14, "_wandb": {"runtime": 4}}