{"loss": 0.04805229976773262, "_timestamp": 1694418070.489808, "_runtime": 9.163271188735962, "_step": 49, "_wandb": {"runtime": 7}}