{"weighted_loss": 0.0250980444252491, "_timestamp": 1694593794.9792466, "_runtime": 25.345443725585938, "_step": 499, "_wandb": {"runtime": 23}}