{"loss": 0.013019234873354435, "_timestamp": 1694418642.4331217, "_runtime": 9.430051565170288, "_step": 49, "_wandb": {"runtime": 7}}