{"loss": 5.96913787376252e-06, "_timestamp": 1694493034.0927064, "_runtime": 8.624686479568481, "_step": 19, "_wandb": {"runtime": 7}}