{"loss": 0.015607630833983421, "_timestamp": 1694420000.1955442, "_runtime": 9.386240243911743, "_step": 49, "_wandb": {"runtime": 7}}