{"loss": 0.018311506137251854, "epoch": 59, "_timestamp": 1694359697.183999, "_runtime": 8.929118156433105, "_step": 59, "_wandb": {"runtime": 7}}