{"loss": 0.0014876994537189603, "_timestamp": 1694500200.785777, "_runtime": 6.3317711353302, "_step": 14, "_wandb": {"runtime": 4}}