{"loss": 0.013258523307740688, "_timestamp": 1694590480.4259624, "_runtime": 5.461602449417114, "_step": 14, "_wandb": {"runtime": 4}}