{"loss": 0.0005559863056987524, "_timestamp": 1694497154.2938774, "_runtime": 84.85397028923035, "_step": 399, "_wandb": {"runtime": 83}}