{"loss": 0.005635673645883799, "_timestamp": 1694418111.3173466, "_runtime": 9.34264850616455, "_step": 49, "_wandb": {"runtime": 7}}