{"loss": 1.592670741956681e-05, "_timestamp": 1694675654.6595154, "_runtime": 37.673784494400024, "_step": 173, "_wandb": {"runtime": 36}}