{"loss": 0.00013228392344899476, "_timestamp": 1694542517.2073119, "_runtime": 8.551875829696655, "_step": 14, "_wandb": {"runtime": 5}}