{"loss": 6.975893484195694e-05, "_timestamp": 1694502549.9173706, "_runtime": 7.230310440063477, "_step": 14, "_wandb": {"runtime": 4}}