{"loss": 0.0004876689927186817, "_timestamp": 1694501220.8845131, "_runtime": 5.076831102371216, "_step": 14, "_wandb": {"runtime": 4}}