{"loss": 1.4356455722008832e-05, "_timestamp": 1694493126.1509085, "_runtime": 80.49245357513428, "_step": 249, "_wandb": {"runtime": 79}}