{"loss": 3.1434597076440696e-06, "_timestamp": 1694676329.2483168, "_runtime": 27.89694380760193, "_step": 99, "_wandb": {"runtime": 26}}