{"loss": 0.0733107402920723, "_timestamp": 1694367708.5819888, "_runtime": 8.523778915405273, "_step": 49, "_wandb": {"runtime": 7}}