{"loss": 0.00016906748351175338, "_timestamp": 1694422393.8890216, "_runtime": 63.27677273750305, "_step": 249, "_wandb": {"runtime": 57}}