{"loss": 8.573615559726022e-06, "_timestamp": 1694492491.0904028, "_runtime": 106.09353184700012, "_step": 499, "_wandb": {"runtime": 105}}