{"loss": 4.4151584610574446e-09, "_timestamp": 1694678067.0668228, "_runtime": 20.825042724609375, "_step": 79, "_wandb": {"runtime": 19}}