{"loss": 9.673590830061585e-05, "_timestamp": 1694499435.5685043, "_runtime": 5.537166357040405, "_step": 14, "_wandb": {"runtime": 4}}