{"loss": 0.011343867518007755, "_timestamp": 1694591621.6610715, "_runtime": 24.177111625671387, "_step": 99, "_wandb": {"runtime": 22}}