{"loss": 0.01945735141634941, "_timestamp": 1694673384.7489042, "_runtime": 10.313997268676758, "_step": 59, "_wandb": {"runtime": 8}}