{"loss": 0.0, "_timestamp": 1694677188.6748004, "_runtime": 168.3292772769928, "_step": 699, "_wandb": {"runtime": 166}}