{"loss": 0.0004118261276744306, "_timestamp": 1694497051.6298847, "_runtime": 7.328853607177734, "_step": 14, "_wandb": {"runtime": 6}}