{"loss": 9.275932097807527e-05, "_timestamp": 1694502617.6627114, "_runtime": 5.416443347930908, "_step": 14, "_wandb": {"runtime": 4}}