{"loss": 0.0019923713989555836, "_timestamp": 1694499066.7644749, "_runtime": 7.494052886962891, "_step": 14, "_wandb": {"runtime": 6}}