{"loss": 0.012712334282696247, "_timestamp": 1694591292.0593557, "_runtime": 15.053939819335938, "_step": 99, "_wandb": {"runtime": 13}}