{"loss": 0.015221940353512764, "_timestamp": 1694368206.0862994, "_runtime": 50.866156339645386, "_step": 299, "_wandb": {"runtime": 49}}