{"loss": 4.8389310904894955e-06, "_timestamp": 1694422168.596989, "_runtime": 24.54240083694458, "_step": 59, "_wandb": {"runtime": 23}}