{"loss": 3.871075750794262e-05, "_timestamp": 1694543345.4123142, "_runtime": 5.013505220413208, "_step": 14, "_wandb": {"runtime": 3}}