{"weighted_loss": 0.010938909836113453, "_timestamp": 1694592904.9176087, "_runtime": 30.716075658798218, "_step": 299, "_wandb": {"runtime": 29}}