{"loss": 2.332695476070512e-05, "_timestamp": 1694675874.690921, "_runtime": 139.77226495742798, "_step": 599, "_wandb": {"runtime": 138}}