{"weighted_loss": 0.019151363521814346, "_timestamp": 1694592767.5549476, "_runtime": 30.89920949935913, "_step": 299, "_wandb": {"runtime": 29}}