{"loss": 1.4923060689397971e-06, "_timestamp": 1694492373.3200347, "_runtime": 8.76762866973877, "_step": 19, "_wandb": {"runtime": 7}}