{"loss": 0.019777758046984673, "_timestamp": 1694419516.8782442, "_runtime": 16.092363119125366, "_step": 49, "_wandb": {"runtime": 14}}