{"loss": 0.00041282441816292703, "_timestamp": 1694501914.0365393, "_runtime": 5.069476366043091, "_step": 14, "_wandb": {"runtime": 3}}