{"loss": 0.0, "_timestamp": 1694543128.8315456, "_runtime": 5.950267553329468, "_step": 14, "_wandb": {"runtime": 3}}