{"loss": 0.0028588452842086554, "_timestamp": 1694500080.2888985, "_runtime": 5.28162145614624, "_step": 14, "_wandb": {"runtime": 4}}