{"loss": 0.0011264306958764791, "_timestamp": 1694542362.1997952, "_runtime": 10.004054307937622, "_step": 14, "_wandb": {"runtime": 8}}