{"loss": 6.622732939831621e-08, "_timestamp": 1694675986.0066273, "_runtime": 34.82539129257202, "_step": 99, "_wandb": {"runtime": 27}}