{"loss": 5.4040256145526655e-06, "_timestamp": 1694421318.8402457, "_runtime": 19.245460748672485, "_step": 49, "_wandb": {"runtime": 14}}