{"loss": 0.01807805709540844, "_timestamp": 1694593438.838944, "_runtime": 26.412034034729004, "_step": 99, "_wandb": {"runtime": 24}}