{"loss": 0.023721622303128242, "_timestamp": 1694417881.053388, "_runtime": 9.371826171875, "_step": 49, "_wandb": {"runtime": 7}}