{"weighted_loss": 0.020529892295598984, "_timestamp": 1694593392.6483185, "_runtime": 18.809581518173218, "_step": 361}