{"weighted_loss": 0.013539265841245651, "_timestamp": 1694592632.933523, "_runtime": 11.114904880523682, "_step": 299, "_wandb": {"runtime": 9}}