{"loss": 3.1964664231054485e-06, "_timestamp": 1694421835.3730586, "_runtime": 67.44811463356018, "_step": 249, "_wandb": {"runtime": 65}}