{"loss": 6.1858559092797805e-06, "_timestamp": 1694502456.2266881, "_runtime": 5.160247087478638, "_step": 14, "_wandb": {"runtime": 4}}