{"loss": 0.0, "_timestamp": 1694492985.2602415, "_runtime": 5.110265493392944, "_step": 3}