{"loss": 0.0009054277325049043, "_timestamp": 1694544586.0222964, "_runtime": 6.644124507904053, "_step": 14, "_wandb": {"runtime": 5}}