{"loss": 1.960287590918597e-06, "_timestamp": 1694674567.682338, "_runtime": 89.52776908874512, "_step": 399, "_wandb": {"runtime": 88}}