{"loss": 4.5586362830363214e-05, "_timestamp": 1694422766.1327708, "_runtime": 126.13327980041504, "_step": 499, "_wandb": {"runtime": 124}}