{"loss": 0.022002052515745163, "_timestamp": 1694417938.826155, "_runtime": 9.115655899047852, "_step": 49, "_wandb": {"runtime": 7}}