{"weighted_loss": 0.004548951052129269, "_timestamp": 1694591089.398753, "_runtime": 19.419593811035156, "_step": 499, "_wandb": {"runtime": 17}}