{"loss": 0.0006397277466021478, "_timestamp": 1694499749.8892958, "_runtime": 6.297918796539307, "_step": 14, "_wandb": {"runtime": 4}}