{"weighted_loss": 0.060257576406002045, "_timestamp": 1694590839.6802044, "_runtime": 10.860219478607178, "_step": 299, "_wandb": {"runtime": 9}}