{"loss": 0.03581131622195244, "_timestamp": 1694418009.1432004, "_runtime": 14.189813375473022, "_step": 49, "_wandb": {"runtime": 12}}