{"loss": 0.0004196526133455336, "_timestamp": 1694499802.9870992, "_runtime": 5.205823183059692, "_step": 14, "_wandb": {"runtime": 4}}