{"weighted_loss": 0.010397449135780334, "_timestamp": 1694590707.1354187, "_runtime": 11.494890689849854, "_step": 299, "_wandb": {"runtime": 10}}