{"loss": 0.012567555531859398, "_timestamp": 1694418145.9962957, "_runtime": 9.533246755599976, "_step": 49, "_wandb": {"runtime": 7}}