{"loss": 0.010429228655993938, "_timestamp": 1694590949.4818213, "_runtime": 6.916435241699219, "_step": 29, "_wandb": {"runtime": 5}}