{"loss": 0.00027801631949841976, "_timestamp": 1694543117.172864, "_runtime": 6.893909931182861, "_step": 14, "_wandb": {"runtime": 5}}