{"loss": 2.633077383507043e-05, "_timestamp": 1694496878.2088559, "_runtime": 11.210860967636108, "_step": 14, "_wandb": {"runtime": 6}}