{"loss": 5.286946179694496e-05, "_timestamp": 1694493317.3962216, "_runtime": 77.60754561424255, "_step": 249, "_wandb": {"runtime": 76}}