{"loss": 0.0011241983156651258, "_timestamp": 1694360836.841318, "_runtime": 41.405274868011475, "_step": 299, "_wandb": {"runtime": 40}}