{"weighted_loss": 0.004138934426009655, "_timestamp": 1694592432.7766526, "_runtime": 11.630325555801392, "_step": 299, "_wandb": {"runtime": 10}}