{"loss": 0.01003958284854889, "_timestamp": 1694593192.0373507, "_runtime": 25.98131561279297, "_step": 119, "_wandb": {"runtime": 24}}