{"loss": 0.024054985493421555, "_timestamp": 1694420506.677992, "_runtime": 9.349135160446167, "_step": 49, "_wandb": {"runtime": 7}}