{"loss": 3.0906100789707125e-08, "_timestamp": 1694676996.9748528, "_runtime": 35.733078718185425, "_step": 79, "_wandb": {"runtime": 34}}