{"weighted_loss": 0.008525405079126358, "_timestamp": 1694592261.1022444, "_runtime": 13.568336486816406, "_step": 299, "_wandb": {"runtime": 12}}