{"loss": 0.0, "_timestamp": 1694492966.374186, "_runtime": 9.194265127182007, "_step": 19, "_wandb": {"runtime": 8}}