{"loss": 0.006348197348415852, "_timestamp": 1694673600.4534912, "_runtime": 14.921524286270142, "_step": 99, "_wandb": {"runtime": 13}}