{"loss": 0.0, "_timestamp": 1694676244.370034, "_runtime": 145.89646005630493, "_step": 599, "_wandb": {"runtime": 144}}