{"weighted_loss": 0.027308722957968712, "_timestamp": 1694673428.1162877, "_runtime": 20.745139598846436, "_step": 356}