{"loss": 0.0009046372142620385, "_timestamp": 1694501648.340228, "_runtime": 5.417673110961914, "_step": 14, "_wandb": {"runtime": 4}}