{"loss": 5.1482722483342513e-05, "_timestamp": 1694492915.5217922, "_runtime": 229.3156762123108, "_step": 799, "_wandb": {"runtime": 228}}