{"loss": 0.00013459703768603504, "_timestamp": 1694543187.1580794, "_runtime": 6.839463472366333, "_step": 14, "_wandb": {"runtime": 5}}