{"loss": 0.00020919417147524655, "_timestamp": 1694543083.877245, "_runtime": 6.333874940872192, "_step": 14, "_wandb": {"runtime": 3}}