{"loss": 0.03328277915716171, "_timestamp": 1694419940.04707, "_runtime": 9.891497135162354, "_step": 49, "_wandb": {"runtime": 8}}