{"loss": 5.916289751439763e-07, "_timestamp": 1694674463.837161, "_runtime": 30.0095431804657, "_step": 99, "_wandb": {"runtime": 26}}