{"weighted_loss": 0.03582224249839783, "_timestamp": 1694673248.190045, "_runtime": 17.16133713722229, "_step": 499, "_wandb": {"runtime": 15}}