{"loss": 0.0012580102775245905, "_timestamp": 1694544532.389903, "_runtime": 6.814582109451294, "_step": 14, "_wandb": {"runtime": 5}}