{"loss": 0.009981825947761536, "_timestamp": 1694593352.626236, "_runtime": 23.4258930683136, "_step": 99, "_wandb": {"runtime": 20}}