{"loss": 0.0010064912494271994, "_timestamp": 1694360355.3291876, "_runtime": 79.59089970588684, "_step": 299, "_wandb": {"runtime": 78}}