{"loss": 0.01701212301850319, "_timestamp": 1694593619.7049625, "_runtime": 22.518757581710815, "_step": 99, "_wandb": {"runtime": 21}}