{"loss": 3.938054942409508e-05, "_timestamp": 1694499297.14352, "_runtime": 5.381855010986328, "_step": 14, "_wandb": {"runtime": 4}}