{"loss": 1.6867157683009282e-05, "_timestamp": 1694422316.0709558, "_runtime": 9.729499816894531, "_step": 19, "_wandb": {"runtime": 7}}