{"loss": 9.909727668855339e-05, "_timestamp": 1694502660.0495489, "_runtime": 6.377196788787842, "_step": 14, "_wandb": {"runtime": 4}}