{"loss": 1.1479259001134778e-06, "_timestamp": 1694421419.6711044, "_runtime": 87.24636244773865, "_step": 149, "_wandb": {"runtime": 83}}