{"loss": 1.2856966350227594e-05, "_timestamp": 1694542816.5647233, "_runtime": 7.356487274169922, "_step": 14, "_wandb": {"runtime": 5}}