{"loss": 7.24898154658149e-06, "_timestamp": 1694497318.666296, "_runtime": 83.75688791275024, "_step": 399, "_wandb": {"runtime": 82}}