{"loss": 0.011858072131872177, "_timestamp": 1694360783.4586005, "_runtime": 13.397133588790894, "_step": 99, "_wandb": {"runtime": 12}}