{"loss": 0.00021354018826968968, "_timestamp": 1694543280.8118525, "_runtime": 8.69059157371521, "_step": 14, "_wandb": {"runtime": 5}}