{"loss": 7.770598244860594e-07, "_timestamp": 1694677560.921798, "_runtime": 24.05454707145691, "_step": 79, "_wandb": {"runtime": 22}}