{"weighted_loss": 0.03710514307022095, "_timestamp": 1694590510.3467748, "_runtime": 11.912651777267456, "_step": 299, "_wandb": {"runtime": 10}}