{"loss": 1.2362434631540964e-07, "_timestamp": 1694674678.493536, "_runtime": 29.69295310974121, "_step": 99, "_wandb": {"runtime": 28}}