{"loss": 0.010863656178116798, "_timestamp": 1694417176.323484, "_runtime": 52.31474494934082, "_step": 224}