{"loss": 7.505700523324776e-07, "_timestamp": 1694497541.6152868, "_runtime": 126.32515788078308, "_step": 399, "_wandb": {"runtime": 125}}