{"loss": 0.06747663021087646, "epoch": 4, "_timestamp": 1694359355.492438, "_runtime": 3.375943183898926, "_step": 4, "_wandb": {"runtime": 2}}