{"weighted_loss": 8.532435458619148e-06, "_timestamp": 1694544611.076259, "_runtime": 18.029231786727905, "_step": 299, "_wandb": {"runtime": 17}}