{"loss": 2.86750710074557e-05, "_timestamp": 1694493718.421521, "_runtime": 141.66176104545593, "_step": 399, "_wandb": {"runtime": 140}}