{"loss": 0.0, "_timestamp": 1694493935.137308, "_runtime": 87.70786499977112, "_step": 399, "_wandb": {"runtime": 84}}