{"weighted_loss": 0.006234386470168829, "_timestamp": 1694591666.3817105, "_runtime": 31.536049604415894, "_step": 499, "_wandb": {"runtime": 30}}