{"loss": 2.5968764020944946e-05, "_timestamp": 1694493832.4175887, "_runtime": 7.426499605178833, "_step": 14, "_wandb": {"runtime": 6}}