{"loss": 0.0, "_timestamp": 1694675203.3074105, "_runtime": 137.58968353271484, "_step": 599, "_wandb": {"runtime": 136}}