{"loss": 0.02455729991197586, "_timestamp": 1694368143.9409144, "_runtime": 7.498112440109253, "_step": 49, "_wandb": {"runtime": 6}}