{"loss": 0.005125886760652065, "_timestamp": 1694419018.8980289, "_runtime": 25.4443199634552, "_step": 49, "_wandb": {"runtime": 23}}