{"loss": 1.6336063879407448e-07, "_timestamp": 1694675278.2895942, "_runtime": 27.842945098876953, "_step": 99, "_wandb": {"runtime": 26}}