{"loss": 0.0002837062638718635, "_timestamp": 1694422472.9039903, "_runtime": 8.881211280822754, "_step": 19, "_wandb": {"runtime": 7}}