{"loss": 0.046807754784822464, "_timestamp": 1694593756.4269593, "_runtime": 22.492924213409424, "_step": 99, "_wandb": {"runtime": 20}}