{"loss": 1.766063206787294e-08, "_timestamp": 1694677745.9179006, "_runtime": 171.89028358459473, "_step": 699, "_wandb": {"runtime": 152}}