{"weighted_loss": 0.01358805038034916, "_timestamp": 1694591977.9314718, "_runtime": 11.449712753295898, "_step": 299, "_wandb": {"runtime": 10}}