{"loss": 0.08729256689548492, "_timestamp": 1694417111.8106747, "_runtime": 11.851978778839111, "_step": 49, "_wandb": {"runtime": 10}}