{"loss": 5.320631680660881e-05, "_timestamp": 1694543872.2746925, "_runtime": 6.803970575332642, "_step": 14, "_wandb": {"runtime": 5}}