{"loss": 0.0, "_timestamp": 1694676579.8288805, "_runtime": 36.17981553077698, "_step": 99, "_wandb": {"runtime": 34}}