{"loss": 8.550421625841409e-05, "_timestamp": 1694500034.2531087, "_runtime": 5.292874813079834, "_step": 14, "_wandb": {"runtime": 4}}