{"loss": 0.00021888433548156172, "_timestamp": 1694501688.6440375, "_runtime": 8.602636575698853, "_step": 14, "_wandb": {"runtime": 4}}