{"weighted_loss": 6.029400537954643e-06, "_timestamp": 1694544805.2692294, "_runtime": 17.24691343307495, "_step": 299, "_wandb": {"runtime": 16}}