{"weighted_loss": 0.004593363963067532, "_timestamp": 1694592525.2284956, "_runtime": 11.190029621124268, "_step": 299, "_wandb": {"runtime": 9}}