{"loss": 8.327673276653513e-05, "_timestamp": 1694542669.5167744, "_runtime": 9.87549352645874, "_step": 14, "_wandb": {"runtime": 8}}