{"loss": 0.007815828546881676, "_timestamp": 1694592401.073757, "_runtime": 62.77877688407898, "_step": 149, "_wandb": {"runtime": 61}}