{"loss": 0.024604059755802155, "_timestamp": 1694591756.8858993, "_runtime": 14.994896411895752, "_step": 99, "_wandb": {"runtime": 13}}