{"loss": 0.0, "_timestamp": 1694677444.842248, "_runtime": 155.7634310722351, "_step": 699, "_wandb": {"runtime": 154}}