{"loss": 0.0009306099964305758, "_timestamp": 1694500257.4556794, "_runtime": 14.765035390853882, "_step": 14, "_wandb": {"runtime": 4}}