{"loss": 0.011377655901014805, "_timestamp": 1694418790.297853, "_runtime": 9.463485956192017, "_step": 49, "_wandb": {"runtime": 7}}