{"loss": 0.00011736377200577408, "_timestamp": 1694499507.1083515, "_runtime": 5.361006498336792, "_step": 14, "_wandb": {"runtime": 4}}