{"loss": 0.041153743863105774, "_timestamp": 1694367662.6524842, "_runtime": 8.913095235824585, "_step": 49, "_wandb": {"runtime": 7}}