{"loss": 0.0, "_timestamp": 1694675052.1605363, "_runtime": 28.19675922393799, "_step": 99, "_wandb": {"runtime": 26}}