{"loss": 0.07950694113969803, "_timestamp": 1694590683.395487, "_runtime": 7.4633331298828125, "_step": 29, "_wandb": {"runtime": 6}}