{"loss": 0.00048815266927704215, "_timestamp": 1694544776.566136, "_runtime": 6.968227863311768, "_step": 14, "_wandb": {"runtime": 5}}