{"loss": 4.698560223914683e-05, "_timestamp": 1694542622.7840176, "_runtime": 6.655330657958984, "_step": 14, "_wandb": {"runtime": 5}}