{"loss": 0.007743044290691614, "_timestamp": 1694591953.4602518, "_runtime": 31.841737747192383, "_step": 149, "_wandb": {"runtime": 30}}