{"loss": 0.00011856522178277373, "_timestamp": 1694543292.5156164, "_runtime": 4.865811347961426, "_step": 14, "_wandb": {"runtime": 3}}