{"loss": 0.018109582364559174, "_timestamp": 1694419759.2600899, "_runtime": 9.293759822845459, "_step": 49, "_wandb": {"runtime": 7}}