{"loss": 0.008606660179793835, "_timestamp": 1694592503.7005339, "_runtime": 15.193832874298096, "_step": 99, "_wandb": {"runtime": 13}}