{"loss": 1.3995824019730208e-06, "_timestamp": 1694421626.8937874, "_runtime": 38.345543384552, "_step": 149, "_wandb": {"runtime": 36}}