{"loss": 4.9617301556281745e-05, "_timestamp": 1694496716.1404386, "_runtime": 7.9012086391448975, "_step": 14, "_wandb": {"runtime": 6}}