{"loss": 0.0002351202128920704, "_timestamp": 1694587799.9715059, "_runtime": 9.098981857299805, "_step": 14, "_wandb": {"runtime": 7}}