{"loss": 0.013431061990559101, "_timestamp": 1694417316.4060621, "_runtime": 26.52982807159424, "_step": 159}