{"loss": 0.052019182592630386, "_timestamp": 1694673217.584143, "_runtime": 18.025375843048096, "_step": 99, "_wandb": {"runtime": 16}}