{"loss": 0.018108481541275978, "_timestamp": 1694591415.5900376, "_runtime": 15.593932628631592, "_step": 99, "_wandb": {"runtime": 14}}