{"loss": 0.029900945723056793, "_timestamp": 1694420168.67414, "_runtime": 9.38661789894104, "_step": 49, "_wandb": {"runtime": 7}}