{"weighted_loss": 0.010627342388033867, "_timestamp": 1694593484.3048227, "_runtime": 28.78685164451599, "_step": 499, "_wandb": {"runtime": 27}}