{"loss": 2.414316804788541e-05, "_timestamp": 1694497221.1589797, "_runtime": 7.447015762329102, "_step": 14, "_wandb": {"runtime": 6}}