{"loss": 0.03282342106103897, "_timestamp": 1694590817.4152634, "_runtime": 8.528083324432373, "_step": 29, "_wandb": {"runtime": 5}}