{"loss": 4.4151584610574446e-09, "_timestamp": 1694675597.5202904, "_runtime": 28.645501375198364, "_step": 99, "_wandb": {"runtime": 27}}