{"loss": 0.00014856821508146822, "_timestamp": 1694493388.8392434, "_runtime": 6.46240234375, "_step": 9, "_wandb": {"runtime": 5}}