{"loss": 7.399460173473926e-06, "_timestamp": 1694421897.3478906, "_runtime": 19.681026697158813, "_step": 59, "_wandb": {"runtime": 17}}