{"loss": 8.640242413093802e-06, "_timestamp": 1694492675.06824, "_runtime": 8.886406898498535, "_step": 19, "_wandb": {"runtime": 7}}