{"loss": 0.003403568174690008, "_timestamp": 1694592606.190353, "_runtime": 27.889652967453003, "_step": 99, "_wandb": {"runtime": 26}}