{"weighted_loss": 7.0371220317611e-07, "_timestamp": 1694588613.4200473, "_runtime": 18.053951263427734, "_step": 299, "_wandb": {"runtime": 16}}