{"loss": 1.1882401850016322e-05, "_timestamp": 1694501158.0405962, "_runtime": 5.449994325637817, "_step": 14, "_wandb": {"runtime": 4}}