{"loss": 0.06514591723680496, "_timestamp": 1694593146.9442089, "_runtime": 17.093228816986084, "_step": 32}