{"loss": 4.4151584610574446e-09, "_timestamp": 1694676085.3252888, "_runtime": 27.807515859603882, "_step": 99, "_wandb": {"runtime": 26}}