{"loss": 0.00030900983256287873, "_timestamp": 1694589884.6339643, "_runtime": 20.21220636367798, "_step": 14, "_wandb": {"runtime": 18}}