{"loss": 0.00028876381111331284, "_timestamp": 1694502726.6324651, "_runtime": 5.385115146636963, "_step": 14, "_wandb": {"runtime": 4}}