{"loss": 0.015476428903639317, "_timestamp": 1694360921.657452, "_runtime": 12.457199096679688, "_step": 99, "_wandb": {"runtime": 11}}