{"loss": 2.6584270017337985e-05, "_timestamp": 1694678273.326329, "_runtime": 193.889643907547, "_step": 699, "_wandb": {"runtime": 192}}