{"loss": 0.02117750234901905, "_timestamp": 1694419411.9460948, "_runtime": 9.172116756439209, "_step": 49, "_wandb": {"runtime": 7}}