{"loss": 0.0002329626731807366, "_timestamp": 1694542453.3221345, "_runtime": 7.052424430847168, "_step": 14, "_wandb": {"runtime": 5}}