{"loss": 0.00011501311382744461, "_timestamp": 1694502251.056944, "_runtime": 5.267080783843994, "_step": 14, "_wandb": {"runtime": 4}}