{"loss": 3.1699926239525666e-06, "_timestamp": 1694493221.694082, "_runtime": 9.527421951293945, "_step": 19, "_wandb": {"runtime": 7}}