{"loss": 1.186748795589665e-05, "_timestamp": 1694421191.3166738, "_runtime": 72.99147176742554, "_step": 299, "_wandb": {"runtime": 71}}