{"loss": 1.405681177857332e-05, "_timestamp": 1694422543.3452864, "_runtime": 56.25907325744629, "_step": 249, "_wandb": {"runtime": 54}}