{"loss": 0.0215489212423563, "_timestamp": 1694417805.1148677, "_runtime": 8.836695671081543, "_step": 49, "_wandb": {"runtime": 6}}