{"loss": 0.024331914260983467, "_timestamp": 1694419313.1132317, "_runtime": 9.351716756820679, "_step": 49, "_wandb": {"runtime": 7}}