{"loss": 4.4151583722396026e-08, "_timestamp": 1694421576.2194693, "_runtime": 33.9479033946991, "_step": 49, "_wandb": {"runtime": 32}}