{"loss": 0.00023714125563856214, "_timestamp": 1694492156.984398, "_runtime": 11.942365884780884, "_step": 19, "_wandb": {"runtime": 10}}