{"loss": 6.165746890474111e-05, "_timestamp": 1694501116.16932, "_runtime": 5.412692070007324, "_step": 14, "_wandb": {"runtime": 4}}