{"loss": 0.005317497532814741, "_timestamp": 1694591050.4302132, "_runtime": 15.476532220840454, "_step": 99, "_wandb": {"runtime": 14}}